mine_id,mine_name,mine_type,year,month,rainfall_mm,avg_temperature_c,soil_moisture_pct,equipment_availability_pct,downtime_hours,labor_availability_pct,planned_target_tonnes,actual_production_tonnes,shortfall_tonnes,shortfall_pct,shortfall_event,prev_month_efficiency
MN-BAL-01,Balaghat Mine,underground,2021,1,9.1,22.3,11.3,89.0,11.3,89.8,9005.1,8197.8,807.3000000000011,8.964919878735396,0,0.8458031632082796
MN-BAL-01,Balaghat Mine,underground,2021,2,10.1,24.9,11.6,89.8,9.5,100.0,9252.5,8712.1,540.3999999999996,5.84058362604701,0,0.910350801212646
MN-BAL-01,Balaghat Mine,underground,2021,3,19.5,33.4,10.9,84.1,25.2,95.5,8957.5,8270.7,686.7999999999993,7.667317890036275,0,0.9415941637395299
MN-BAL-01,Balaghat Mine,underground,2021,4,19.8,34.3,14.1,92.1,16.2,97.4,9434.4,9945.0,-510.60000000000036,-5.412108878148058,0,0.9233268210996373
MN-BAL-01,Balaghat Mine,underground,2021,5,13.7,40.5,8.7,93.6,3.7,97.0,9081.1,8874.0,207.10000000000036,2.280560725022303,0,1.0541210887814805
MN-BAL-01,Balaghat Mine,underground,2021,6,160.2,35.0,40.2,85.2,15.6,96.5,9119.8,8037.9,1081.8999999999996,11.863198754358645,1,0.9771943927497769
MN-BAL-01,Balaghat Mine,underground,2021,7,461.8,30.5,91.4,71.9,37.1,94.9,9349.5,1402.4,7947.1,85.00026739397829,1,0.8813680124564135
MN-BAL-01,Balaghat Mine,underground,2021,8,209.4,29.4,43.7,81.6,25.5,91.4,9197.2,6333.8,2863.4000000000005,31.133388422563392,1,0.14999732606021712
MN-BAL-01,Balaghat Mine,underground,2021,9,224.6,31.5,42.1,79.3,14.0,92.5,8932.1,6866.7,2065.4000000000005,23.1233416553778,1,0.6886661157743661
MN-BAL-01,Balaghat Mine,underground,2021,10,54.6,31.1,23.9,85.0,17.3,92.0,9100.3,8118.1,982.1999999999989,10.79305077854575,1,0.768766583446222
MN-BAL-01,Balaghat Mine,underground,2021,11,14.9,21.7,10.7,86.5,15.8,94.2,9280.3,8399.9,880.3999999999996,9.486762281391764,0,0.8920694922145425
MN-BAL-01,Balaghat Mine,underground,2021,12,10.1,21.6,9.9,83.6,15.4,91.1,9325.4,8839.4,486.0,5.2115726939327,0,0.9051323771860824
MN-BAL-01,Balaghat Mine,underground,2022,1,12.0,24.8,12.0,93.1,14.9,97.8,9418.3,9208.3,210.0,2.229701750846756,0,0.947884273060673
MN-BAL-01,Balaghat Mine,underground,2022,2,15.0,26.7,9.5,86.3,25.1,95.1,9230.2,8064.1,1166.1000000000004,12.633529067625838,1,0.9777029824915324
MN-BAL-01,Balaghat Mine,underground,2022,3,14.8,31.7,12.5,82.4,23.9,97.4,9084.8,8492.3,592.5,6.52188270517788,0,0.8736647093237416
MN-BAL-01,Balaghat Mine,underground,2022,4,39.2,40.1,16.1,81.9,21.3,100.0,9055.9,7957.8,1098.0999999999995,12.125796442098515,1,0.9347811729482212
MN-BAL-01,Balaghat Mine,underground,2022,5,46.4,42.3,10.8,90.3,11.4,87.7,9206.1,8524.1,682.0,7.4081315649406365,0,0.8787420355790149
MN-BAL-01,Balaghat Mine,underground,2022,6,129.9,34.8,32.1,85.9,13.7,83.5,9301.7,8240.8,1060.9000000000015,11.40544201597559,1,0.9259186843505937
MN-BAL-01,Balaghat Mine,underground,2022,7,205.8,31.4,50.3,75.8,19.0,91.5,8977.2,6245.1,2732.1000000000004,30.433765539366398,1,0.8859455798402441
MN-BAL-01,Balaghat Mine,underground,2022,8,285.1,28.6,62.7,73.4,29.7,98.4,9464.2,4291.5,5172.700000000001,54.65543838887598,1,0.695662344606336
MN-BAL-01,Balaghat Mine,underground,2022,9,130.5,31.8,36.8,85.8,10.5,93.3,9423.8,7953.4,1470.3999999999996,15.603047602877819,1,0.45344561611124024
MN-BAL-01,Balaghat Mine,underground,2022,10,67.8,30.2,16.6,87.6,14.2,98.9,9218.7,8766.0,452.7000000000007,4.910670701942798,0,0.8439695239712218
MN-BAL-01,Balaghat Mine,underground,2022,11,20.6,18.4,12.3,87.4,0.0,95.4,8998.4,8675.8,322.60000000000036,3.5850817923186384,0,0.950893292980572
MN-BAL-01,Balaghat Mine,underground,2022,12,11.6,19.2,12.3,90.9,10.3,82.8,9138.3,8739.9,398.39999999999964,4.359673024523157,0,0.9641491820768137
MN-BAL-01,Balaghat Mine,underground,2023,1,17.4,20.3,9.2,83.3,27.0,93.4,9362.6,9038.4,324.2000000000007,3.4627133488560946,0,0.9564032697547684
MN-BAL-01,Balaghat Mine,underground,2023,2,10.0,23.4,11.3,90.0,2.6,94.3,9038.2,8374.2,664.0,7.346595561063043,0,0.965372866511439
MN-BAL-01,Balaghat Mine,underground,2023,3,9.8,31.9,20.1,86.3,17.0,89.0,8941.4,8121.2,820.1999999999998,9.17306014718053,0,0.9265340443893696
MN-BAL-01,Balaghat Mine,underground,2023,4,19.8,41.9,14.0,80.9,24.9,97.6,9329.4,7829.7,1499.6999999999998,16.074988745256928,1,0.9082693985281947
MN-BAL-01,Balaghat Mine,underground,2023,5,20.4,38.2,12.9,85.6,12.4,98.1,9169.5,9016.0,153.5,1.6740280277005288,0,0.8392501125474308
MN-BAL-01,Balaghat Mine,underground,2023,6,130.1,33.2,33.7,84.4,17.6,93.7,9179.9,8380.4,799.5,8.709245198749443,0,0.9832597197229948
MN-BAL-01,Balaghat Mine,underground,2023,7,375.0,30.0,77.9,76.0,21.8,87.2,9017.0,1352.5,7664.5,85.00055450815127,1,0.9129075480125056
MN-BAL-01,Balaghat Mine,underground,2023,8,317.3,25.7,73.2,73.6,37.7,90.9,9007.2,3329.4,5677.800000000001,63.03623767652545,1,0.1499944549184873
MN-BAL-01,Balaghat Mine,underground,2023,9,204.8,28.9,45.2,78.1,38.2,83.6,9174.8,6724.9,2449.8999999999996,26.70248942756245,1,0.3696376232347455
MN-BAL-01,Balaghat Mine,underground,2023,10,86.2,27.2,18.5,89.6,5.2,89.5,9345.1,8626.0,719.1000000000004,7.694941734170852,0,0.7329751057243755
MN-BAL-01,Balaghat Mine,underground,2023,11,24.9,24.0,11.0,83.7,25.7,90.6,9422.5,8551.4,871.1000000000004,9.2448925444415,0,0.9230505826582914
MN-BAL-01,Balaghat Mine,underground,2023,12,0.0,21.5,14.3,95.3,0.0,76.2,9257.1,8800.2,456.89999999999964,4.935670998476841,0,0.907551074555585
MN-BAL-01,Balaghat Mine,underground,2024,1,3.4,21.2,8.8,82.7,18.6,94.8,9150.1,8403.5,746.6000000000004,8.159473666954462,0,0.9506432900152316
MN-BAL-01,Balaghat Mine,underground,2024,2,18.0,21.6,13.0,88.2,10.8,87.9,9096.4,8542.3,554.1000000000004,6.091420781847768,0,0.9184052633304554
MN-BAL-01,Balaghat Mine,underground,2024,3,24.9,34.1,19.8,80.7,15.6,95.3,9453.6,8179.3,1274.3000000000002,13.47952102902598,1,0.9390857921815223
MN-BAL-01,Balaghat Mine,underground,2024,4,23.6,34.7,15.3,84.4,18.3,85.9,9128.5,9491.5,-363.0,-3.976556937065235,0,0.8652047897097402
MN-BAL-01,Balaghat Mine,underground,2024,5,30.7,44.3,21.6,80.1,24.0,85.5,9007.2,6606.4,2400.800000000001,26.65423216981971,1,1.0397655693706525
MN-BAL-01,Balaghat Mine,underground,2024,6,95.3,33.3,25.0,84.3,11.1,92.7,9161.0,8613.8,547.2000000000007,5.973147036349752,0,0.7334576783018029
MN-BAL-01,Balaghat Mine,underground,2024,7,304.6,29.7,59.1,79.5,15.3,99.8,9259.0,4227.0,5032.0,54.34712171940814,1,0.9402685296365025
MN-BAL-01,Balaghat Mine,underground,2024,8,323.8,28.0,65.1,71.2,42.2,92.5,9383.4,2976.0,6407.4,68.28441716222265,1,0.4565287828059186
MN-BAL-01,Balaghat Mine,underground,2024,9,207.3,28.3,43.7,82.6,24.9,93.6,9410.3,6580.3,2829.999999999999,30.073430177571375,1,0.3171558283777735
MN-BAL-01,Balaghat Mine,underground,2024,10,74.2,27.7,18.3,89.5,5.4,82.5,8965.3,7903.8,1061.499999999999,11.84009458690729,1,0.6992656982242862
MN-BAL-01,Balaghat Mine,underground,2024,11,15.1,21.8,9.8,96.2,3.6,93.8,9024.0,8832.4,191.60000000000036,2.123226950354614,0,0.8815990541309271
MN-BAL-01,Balaghat Mine,underground,2024,12,13.4,20.8,15.4,84.5,19.7,92.0,9161.6,8226.6,935.0,10.205640936081034,1,0.9787677304964538
MN-CHK-04,Chikla Mine,opencast,2021,1,19.3,20.7,11.6,92.2,3.4,91.1,4226.5,3755.3,471.1999999999998,11.148704601916476,1,0.8458031632082796
MN-CHK-04,Chikla Mine,opencast,2021,2,8.5,23.9,5.0,90.2,7.6,91.7,4344.8,4495.8,-151.0,-3.4754188915485176,0,0.8885129539808353
MN-CHK-04,Chikla Mine,opencast,2021,3,21.2,29.0,16.5,97.3,0.0,86.7,4224.1,4177.7,46.400000000000546,1.098458843303912,0,1.0347541889154852
MN-CHK-04,Chikla Mine,opencast,2021,4,25.2,40.0,18.1,93.0,7.9,94.0,4378.9,4423.2,-44.30000000000018,-1.011669597387476,0,0.9890154115669609
MN-CHK-04,Chikla Mine,opencast,2021,5,29.8,40.5,13.7,91.8,7.5,86.1,4184.2,4182.1,2.0999999999994543,0.050188805506415905,0,1.0101166959738748
MN-CHK-04,Chikla Mine,opencast,2021,6,163.3,35.7,42.8,85.4,17.2,90.9,4217.5,3832.0,385.5,9.14048606994665,0,0.9994981119449359
MN-CHK-04,Chikla Mine,opencast,2021,7,351.3,30.8,73.2,73.7,35.6,88.3,4183.8,898.2,3285.6000000000004,78.53147856016064,1,0.9085951393005335
MN-CHK-04,Chikla Mine,opencast,2021,8,152.7,27.6,40.0,84.7,24.9,98.4,4261.5,3530.1,731.4000000000001,17.162970784934885,1,0.2146852143983938
MN-CHK-04,Chikla Mine,opencast,2021,9,262.4,28.5,63.9,79.6,21.6,92.4,4218.2,2059.3,2158.8999999999996,51.18059835948983,1,0.8283702921506512
MN-CHK-04,Chikla Mine,opencast,2021,10,18.8,34.9,6.7,85.1,19.8,84.9,4230.9,3385.7,845.1999999999998,19.976837079581173,1,0.4881940164051018
MN-CHK-04,Chikla Mine,opencast,2021,11,20.2,21.9,16.2,91.4,10.0,89.7,4308.3,4024.6,283.7000000000003,6.584963906877429,0,0.8002316292041882
MN-CHK-04,Chikla Mine,opencast,2021,12,4.0,17.8,16.8,90.8,0.0,93.3,4189.4,4094.6,94.79999999999973,2.262853869289152,0,0.9341503609312257
MN-CHK-04,Chikla Mine,opencast,2022,1,10.4,24.0,10.3,95.3,9.4,85.2,4304.8,4111.4,193.40000000000055,4.492659356996853,0,0.9773714613071085
MN-CHK-04,Chikla Mine,opencast,2022,2,6.8,22.6,14.5,99.0,0.0,93.1,4341.2,4355.5,-14.300000000000182,-0.3294020086612039,0,0.9550734064300315
MN-CHK-04,Chikla Mine,opencast,2022,3,28.6,35.4,12.7,98.3,0.0,87.1,4237.9,4463.6,-225.70000000000073,-5.325750961561168,0,1.003294020086612
MN-CHK-04,Chikla Mine,opencast,2022,4,21.1,38.5,14.7,97.1,6.4,99.7,4383.7,4348.0,35.69999999999982,0.8143805461140091,0,1.0532575096156116
MN-CHK-04,Chikla Mine,opencast,2022,5,30.0,38.3,11.4,92.8,11.9,92.6,4248.0,3941.3,306.6999999999998,7.219868173258,0,0.9918561945388599
MN-CHK-04,Chikla Mine,opencast,2022,6,147.7,32.6,37.1,88.5,20.7,86.1,4372.0,4343.3,28.699999999999818,0.6564501372369583,0,0.92780131826742
MN-CHK-04,Chikla Mine,opencast,2022,7,229.4,26.5,45.4,85.8,11.2,94.4,4206.4,3245.9,960.4999999999995,22.834252567516156,1,0.9934354986276304
MN-CHK-04,Chikla Mine,opencast,2022,8,337.5,26.4,69.5,82.2,13.2,97.9,4343.6,1671.5,2672.1000000000004,61.51809558891243,1,0.7716574743248384
MN-CHK-04,Chikla Mine,opencast,2022,9,180.1,28.0,39.7,92.2,6.8,100.0,4238.8,3621.2,617.6000000000004,14.570161366424468,1,0.38481904411087575
MN-CHK-04,Chikla Mine,opencast,2022,10,34.5,31.5,15.4,94.4,20.1,95.3,4304.2,4402.1,-97.90000000000055,-2.274522559360637,0,0.8542983863357553
MN-CHK-04,Chikla Mine,opencast,2022,11,24.0,21.5,19.7,91.4,18.8,94.5,4231.5,4018.2,213.30000000000018,5.0407656859269805,0,1.0227452255936065
MN-CHK-04,Chikla Mine,opencast,2022,12,0.4,21.1,14.0,90.3,9.5,80.9,4333.8,3885.7,448.10000000000036,10.339655729382997,1,0.9495923431407302
MN-CHK-04,Chikla Mine,opencast,2023,1,15.1,21.7,12.8,97.2,4.5,93.0,4243.4,4181.6,61.79999999999927,1.4563793184710203,0,0.89660344270617
MN-CHK-04,Chikla Mine,opencast,2023,2,21.7,23.2,15.6,96.5,0.0,85.3,4416.9,4755.6,-338.7000000000007,-7.6682741289139615,0,0.9854362068152898
MN-CHK-04,Chikla Mine,opencast,2023,3,13.4,28.6,13.9,81.1,15.1,99.1,4184.1,3749.9,434.2000000000003,10.37738103773811,1,1.0766827412891395
MN-CHK-04,Chikla Mine,opencast,2023,4,24.5,37.6,12.3,93.7,15.6,86.7,4405.5,4264.8,140.69999999999982,3.1937351038474593,0,0.8962261896226189
MN-CHK-04,Chikla Mine,opencast,2023,5,37.3,40.1,16.2,84.8,9.9,93.0,4202.3,3677.4,524.9000000000001,12.490778859196155,1,0.9680626489615254
MN-CHK-04,Chikla Mine,opencast,2023,6,149.9,34.9,46.3,84.5,25.4,98.6,4342.0,3815.2,526.8000000000002,12.13265776140028,1,0.8750922114080384
MN-CHK-04,Chikla Mine,opencast,2023,7,321.0,28.2,75.8,81.3,19.3,100.0,4317.2,1776.7,2540.5,58.846011303622724,1,0.8786734223859972
MN-CHK-04,Chikla Mine,opencast,2023,8,331.3,28.7,69.2,82.6,15.4,97.6,4193.2,1779.7,2413.5,57.55747400553277,1,0.41153988696377286
MN-CHK-04,Chikla Mine,opencast,2023,9,242.8,30.1,53.3,87.2,17.5,75.9,4384.6,2785.7,1598.9000000000005,36.46626830269581,1,0.42442525994467234
MN-CHK-04,Chikla Mine,opencast,2023,10,70.4,30.4,28.9,92.0,0.0,93.0,4359.0,4318.1,40.899999999999636,0.9382885983023546,0,0.635337316973042
MN-CHK-04,Chikla Mine,opencast,2023,11,19.5,23.0,17.3,90.3,14.2,94.1,4270.0,4175.8,94.19999999999982,2.2060889929742347,0,0.9906171140169765
MN-CHK-04,Chikla Mine,opencast,2023,12,9.0,22.6,14.3,96.3,0.0,87.9,4270.1,4437.9,-167.79999999999927,-3.9296503594763417,0,0.9779391100702577
MN-CHK-04,Chikla Mine,opencast,2024,1,15.2,19.5,15.9,89.4,15.7,93.4,4422.1,4206.4,215.70000000000073,4.877773003776502,0,1.0392965035947634
MN-CHK-04,Chikla Mine,opencast,2024,2,11.4,25.3,12.4,87.9,17.0,97.8,4250.5,4055.9,194.5999999999999,4.578284907657921,0,0.951222269962235
MN-CHK-04,Chikla Mine,opencast,2024,3,14.6,31.3,12.1,92.4,14.0,91.5,4390.1,4401.0,-10.899999999999636,-0.24828591603835073,0,0.9542171509234207
MN-CHK-04,Chikla Mine,opencast,2024,4,25.4,37.3,9.9,88.2,8.7,89.1,4240.7,3844.1,396.5999999999999,9.352229584738367,0,1.0024828591603836
MN-CHK-04,Chikla Mine,opencast,2024,5,52.6,43.0,20.6,90.3,21.7,100.0,4250.2,3819.7,430.5,10.12893510893605,1,0.9064777041526163
MN-CHK-04,Chikla Mine,opencast,2024,6,156.9,34.5,37.6,85.9,16.8,93.1,4326.7,3798.4,528.2999999999997,12.210229505165593,1,0.8987106489106395
MN-CHK-04,Chikla Mine,opencast,2024,7,387.8,26.8,80.8,81.2,24.1,90.4,4288.7,1064.6,3224.1,75.17662694989158,1,0.8778977049483441
MN-CHK-04,Chikla Mine,opencast,2024,8,236.8,29.1,56.5,81.5,30.8,100.0,4282.0,2879.0,1403.0,32.765063054647364,1,0.24823373050108424
MN-CHK-04,Chikla Mine,opencast,2024,9,102.7,26.4,28.1,85.8,19.4,77.8,4285.1,3832.3,452.8000000000002,10.5668479148678,1,0.6723493694535264
MN-CHK-04,Chikla Mine,opencast,2024,10,54.6,32.8,18.6,83.9,20.5,93.9,4173.6,4211.7,-38.099999999999454,-0.9128809660724423,0,0.894331520851322
MN-CHK-04,Chikla Mine,opencast,2024,11,19.6,26.0,14.8,96.8,1.5,86.7,4181.0,4260.9,-79.89999999999964,-1.911026070318097,0,1.0091288096607245
MN-CHK-04,Chikla Mine,opencast,2024,12,12.0,18.8,14.1,85.6,12.9,88.5,4308.6,3943.4,365.2000000000003,8.476071113586785,0,1.019110260703181
MN-GUM-03,Gumgaon Mine,opencast,2021,1,0.0,24.1,7.4,92.0,22.3,86.0,5140.0,4999.1,140.89999999999964,2.7412451361867634,0,0.8458031632082796
MN-GUM-03,Gumgaon Mine,opencast,2021,2,22.4,25.0,18.7,89.0,15.3,94.1,4948.6,4766.5,182.10000000000036,3.6798286384027876,0,0.9725875486381323
MN-GUM-03,Gumgaon Mine,opencast,2021,3,11.4,30.4,6.9,89.4,18.5,94.1,5143.1,4546.8,596.3000000000002,11.594174719527135,1,0.9632017136159722
MN-GUM-03,Gumgaon Mine,opencast,2021,4,24.7,36.9,16.6,96.1,1.8,90.4,5166.8,5075.8,91.0,1.7612448711001005,0,0.8840582528047286
MN-GUM-03,Gumgaon Mine,opencast,2021,5,30.9,36.0,14.3,95.6,6.9,96.5,5227.0,5493.4,-266.39999999999964,-5.096613736368847,0,0.982387551288999
MN-GUM-03,Gumgaon Mine,opencast,2021,6,149.6,36.9,45.9,85.5,8.0,89.0,5107.2,4461.9,645.3000000000002,12.63510338345865,1,1.0509661373636885
MN-GUM-03,Gumgaon Mine,opencast,2021,7,248.7,28.3,55.2,88.8,16.4,86.4,5252.8,3331.4,1921.4,36.57858665854401,1,0.8736489661654135
MN-GUM-03,Gumgaon Mine,opencast,2021,8,212.4,28.0,41.5,79.0,17.0,85.3,4956.1,2933.9,2022.2000000000003,40.802243699683224,1,0.6342141334145599
MN-GUM-03,Gumgaon Mine,opencast,2021,9,239.6,30.6,51.3,85.7,9.2,87.8,5114.3,3384.8,1729.5,33.81694464540602,1,0.5919775630031678
MN-GUM-03,Gumgaon Mine,opencast,2021,10,53.0,28.8,24.8,94.6,8.5,90.2,5186.0,4952.7,233.30000000000018,4.4986502121095295,0,0.6618305535459398
MN-GUM-03,Gumgaon Mine,opencast,2021,11,26.8,25.9,22.5,87.3,8.4,94.8,5098.3,5110.1,-11.800000000000182,-0.23144969891925116,0,0.9550134978789047
MN-GUM-03,Gumgaon Mine,opencast,2021,12,16.5,20.1,16.5,88.9,13.5,91.7,5104.0,5229.2,-125.19999999999982,-2.452978056426329,0,1.0023144969891926
MN-GUM-03,Gumgaon Mine,opencast,2022,1,3.9,21.0,10.9,94.0,0.0,90.5,5109.6,4634.6,475.0,9.296226710505714,0,1.0245297805642632
MN-GUM-03,Gumgaon Mine,opencast,2022,2,22.8,22.1,7.7,94.5,4.1,90.5,4953.8,5139.3,-185.5,-3.744600104969922,0,0.9070377328949428
MN-GUM-03,Gumgaon Mine,opencast,2022,3,13.9,32.2,7.9,92.4,13.8,99.0,5021.1,4813.1,208.0,4.142518571627731,0,1.0374460010496993
MN-GUM-03,Gumgaon Mine,opencast,2022,4,35.6,38.8,15.6,90.2,12.6,90.1,5072.1,4917.7,154.40000000000055,3.0441040200311615,0,0.9585748142837227
MN-GUM-03,Gumgaon Mine,opencast,2022,5,18.3,39.0,11.5,89.8,12.8,92.9,5057.3,5053.6,3.699999999999818,0.07316156842583628,0,0.9695589597996884
MN-GUM-03,Gumgaon Mine,opencast,2022,6,165.2,37.9,45.5,80.8,18.2,89.9,5080.7,4493.1,587.5999999999995,11.565335485267767,1,0.9992683843157416
MN-GUM-03,Gumgaon Mine,opencast,2022,7,321.8,27.9,74.5,77.0,29.8,91.8,5218.8,1967.2,3251.6000000000004,62.30551084540508,1,0.8843466451473223
MN-GUM-03,Gumgaon Mine,opencast,2022,8,392.6,28.6,78.7,81.8,23.0,92.9,5155.3,957.5,4197.8,81.42688107384633,1,0.37694489154594923
MN-GUM-03,Gumgaon Mine,opencast,2022,9,314.1,29.0,71.1,80.8,23.7,90.2,5180.5,2185.4,2995.1,57.8148827333269,1,0.18573118926153667
MN-GUM-03,Gumgaon Mine,opencast,2022,10,48.3,27.8,18.8,94.6,6.4,92.3,5245.6,5561.2,-315.59999999999945,-6.016470947079446,0,0.42185117266673106
MN-GUM-03,Gumgaon Mine,opencast,2022,11,26.3,26.4,8.9,92.0,3.2,95.9,5029.9,5042.1,-12.200000000000728,-0.24254955366907352,0,1.0601647094707944
MN-GUM-03,Gumgaon Mine,opencast,2022,12,4.4,17.9,8.2,92.7,6.6,93.3,5006.4,4910.9,95.5,1.9075583253435604,0,1.0024254955366907
MN-GUM-03,Gumgaon Mine,opencast,2023,1,20.4,21.7,15.2,92.4,5.3,100.0,5005.1,4947.8,57.30000000000018,1.1448322710834984,0,0.9809244167465644
MN-GUM-03,Gumgaon Mine,opencast,2023,2,19.6,26.9,8.6,91.0,23.3,100.0,5029.9,4930.6,99.29999999999927,1.9741943179784742,0,0.988551677289165
MN-GUM-03,Gumgaon Mine,opencast,2023,3,15.6,31.7,11.0,89.1,8.5,100.0,5211.2,5236.4,-25.199999999999818,-0.48357384095793327,0,0.9802580568202153
MN-GUM-03,Gumgaon Mine,opencast,2023,4,18.3,35.9,14.9,85.7,19.7,91.3,5074.3,4543.9,530.4000000000005,10.452673275131556,1,1.0048357384095794
MN-GUM-03,Gumgaon Mine,opencast,2023,5,50.7,39.9,18.8,93.1,2.6,97.7,5177.3,4711.7,465.60000000000036,8.993104513935842,0,0.8954732672486845
MN-GUM-03,Gumgaon Mine,opencast,2023,6,141.5,32.8,35.8,82.8,13.5,93.5,4986.1,4818.4,167.70000000000073,3.3633501133150303,0,0.9100689548606415
MN-GUM-03,Gumgaon Mine,opencast,2023,7,403.8,29.1,84.7,69.8,37.4,94.1,5058.5,758.8,4299.7,84.99950578234655,1,0.9663664988668497
MN-GUM-03,Gumgaon Mine,opencast,2023,8,258.3,27.4,62.2,82.4,10.4,95.2,4999.8,3192.6,1807.2000000000003,36.145445817832716,1,0.15000494217653454
MN-GUM-03,Gumgaon Mine,opencast,2023,9,217.2,31.5,53.3,86.7,21.5,96.1,5072.9,3459.5,1613.3999999999996,31.80429340219598,1,0.6385455418216728
MN-GUM-03,Gumgaon Mine,opencast,2023,10,49.0,30.5,9.9,89.6,9.9,98.1,5217.4,4932.5,284.89999999999964,5.460574232376273,0,0.6819570659780402
MN-GUM-03,Gumgaon Mine,opencast,2023,11,27.9,23.8,14.0,88.5,14.3,90.3,5124.6,5158.9,-34.29999999999927,-0.6693205323342167,0,0.9453942576762373
MN-GUM-03,Gumgaon Mine,opencast,2023,12,8.2,19.1,7.5,92.1,5.4,90.2,5124.4,5059.9,64.5,1.2586839434860668,0,1.0066932053233422
MN-GUM-03,Gumgaon Mine,opencast,2024,1,4.2,21.8,8.6,94.3,9.2,92.5,5014.2,5261.2,-247.0,-4.926010131227315,0,0.9874131605651393
MN-GUM-03,Gumgaon Mine,opencast,2024,2,23.6,22.4,11.8,88.7,16.2,89.4,5004.5,4594.0,410.5,8.202617644120291,0,1.049260101312273
MN-GUM-03,Gumgaon Mine,opencast,2024,3,20.2,32.3,8.8,88.7,1.0,80.0,5148.6,4939.9,208.70000000000073,4.053529114710809,0,0.9179738235587971
MN-GUM-03,Gumgaon Mine,opencast,2024,4,23.5,40.2,7.5,82.3,12.7,81.4,5081.7,4560.7,521.0,10.252474565598128,1,0.9594647088528919
MN-GUM-03,Gumgaon Mine,opencast,2024,5,33.1,42.1,17.4,88.7,9.3,94.2,5161.2,4025.8,1135.3999999999996,21.998759978299617,1,0.8974752543440188
MN-GUM-03,Gumgaon Mine,opencast,2024,6,182.3,35.5,49.1,87.1,16.0,90.4,5202.1,4320.9,881.2000000000007,16.939312969762224,1,0.7800124002170039
MN-GUM-03,Gumgaon Mine,opencast,2024,7,386.9,29.9,83.4,76.6,20.4,97.8,5162.3,887.1,4275.2,82.81579915928945,1,0.8306068703023778
MN-GUM-03,Gumgaon Mine,opencast,2024,8,320.6,29.0,65.8,77.7,19.0,90.7,5158.5,2090.4,3068.1,59.47659203256761,1,0.17184200840710537
MN-GUM-03,Gumgaon Mine,opencast,2024,9,218.2,30.9,47.8,78.2,23.1,91.6,5074.1,3534.1,1540.0000000000005,30.35020988943853,1,0.40523407967432395
MN-GUM-03,Gumgaon Mine,opencast,2024,10,84.5,25.0,22.0,87.9,16.2,100.0,5061.1,4626.7,434.40000000000055,8.583114342731829,0,0.6964979011056147
MN-GUM-03,Gumgaon Mine,opencast,2024,11,14.8,22.5,9.1,91.2,15.6,92.6,5161.6,4923.5,238.10000000000036,4.612910725356485,0,0.9141688565726818
MN-GUM-03,Gumgaon Mine,opencast,2024,12,2.8,22.0,16.4,85.1,17.8,88.1,5178.1,4774.6,403.5,7.792433518085784,0,0.9538708927464351
MN-UKW-02,Ukwa Mine,underground,2021,1,14.0,20.7,11.6,92.2,4.8,95.3,6449.1,6829.6,-380.5,-5.900048068722767,0,0.8458031632082796
MN-UKW-02,Ukwa Mine,underground,2021,2,12.1,24.8,10.4,99.0,0.0,92.5,6505.6,6371.5,134.10000000000036,2.061301032956228,0,1.0590004806872277
MN-UKW-02,Ukwa Mine,underground,2021,3,37.8,29.1,16.9,98.1,0.0,92.7,6360.8,6469.9,-109.09999999999945,-1.7151930574770382,0,0.9793869896704377
MN-UKW-02,Ukwa Mine,underground,2021,4,31.2,36.2,5.0,91.4,9.8,93.0,6500.1,6084.2,415.90000000000055,6.3983631021061305,0,1.0171519305747705
MN-UKW-02,Ukwa Mine,underground,2021,5,27.4,43.5,14.8,94.3,0.0,90.5,6591.9,5982.6,609.2999999999993,9.243162062531278,0,0.9360163689789387
MN-UKW-02,Ukwa Mine,underground,2021,6,120.7,37.6,25.5,89.5,13.6,93.4,6430.8,5620.2,810.6000000000004,12.604963612614299,1,0.9075683793746873
MN-UKW-02,Ukwa Mine,underground,2021,7,319.4,27.2,64.9,78.4,17.5,85.9,6304.0,1884.0,4420.0,70.11421319796955,1,0.873950363873857
MN-UKW-02,Ukwa Mine,underground,2021,8,243.1,26.7,53.7,92.7,2.2,94.0,6581.0,4860.8,1720.1999999999998,26.138884667983586,1,0.29885786802030456
MN-UKW-02,Ukwa Mine,underground,2021,9,218.3,28.6,55.1,86.8,18.7,84.9,6449.9,4521.0,1928.8999999999996,29.90589001379866,1,0.7386111533201641
MN-UKW-02,Ukwa Mine,underground,2021,10,48.4,27.7,18.5,92.7,13.9,96.7,6358.6,6196.4,162.20000000000073,2.550875978989097,0,0.7009410998620134
MN-UKW-02,Ukwa Mine,underground,2021,11,15.6,23.5,9.7,90.5,12.6,99.7,6548.7,6086.2,462.5,7.062470413975293,0,0.974491240210109
MN-UKW-02,Ukwa Mine,underground,2021,12,12.8,16.0,16.5,86.6,18.7,89.6,6369.1,6469.3,-100.19999999999982,-1.5732207062222263,0,0.929375295860247
MN-UKW-02,Ukwa Mine,underground,2022,1,7.0,19.0,11.6,98.7,2.6,92.2,6454.6,6319.9,134.70000000000073,2.0868837728131986,0,1.0157322070622223
MN-UKW-02,Ukwa Mine,underground,2022,2,16.2,24.2,18.2,95.4,0.0,90.6,6278.1,6060.1,218.0,3.472388142909479,0,0.979131162271868
MN-UKW-02,Ukwa Mine,underground,2022,3,9.9,30.1,13.2,96.6,5.2,100.0,6365.6,6583.6,-218.0,-3.4246575342465753,0,0.9652761185709052
MN-UKW-02,Ukwa Mine,underground,2022,4,12.6,40.2,17.7,95.2,0.0,95.5,6337.0,6304.9,32.100000000000364,0.5065488401451849,0,1.0342465753424657
MN-UKW-02,Ukwa Mine,underground,2022,5,14.7,40.5,11.2,89.1,15.5,91.7,6261.1,5944.6,316.5,5.055022280429956,0,0.9949345115985482
MN-UKW-02,Ukwa Mine,underground,2022,6,249.3,35.6,47.6,76.6,26.1,97.1,6308.5,3727.7,2580.8,40.90988349052866,1,0.9494497771957005
MN-UKW-02,Ukwa Mine,underground,2022,7,305.3,30.9,67.4,76.5,28.5,84.3,6562.2,2482.6,4079.6,62.16817530706166,1,0.5909011650947135
MN-UKW-02,Ukwa Mine,underground,2022,8,291.7,28.6,63.6,86.8,14.7,92.9,6527.1,3848.0,2679.1000000000004,41.0457936909194,1,0.37831824692938343
MN-UKW-02,Ukwa Mine,underground,2022,9,189.1,28.0,42.2,87.1,13.0,83.3,6247.4,5283.7,963.6999999999998,15.425617056695584,1,0.589542063090806
MN-UKW-02,Ukwa Mine,underground,2022,10,87.1,31.7,26.4,90.4,16.6,85.9,6363.5,6035.3,328.1999999999998,5.1575390901233575,0,0.8457438294330442
MN-UKW-02,Ukwa Mine,underground,2022,11,24.9,22.9,11.6,90.1,13.7,91.7,6575.3,5970.5,604.8000000000002,9.198059404133653,0,0.9484246090987665
MN-UKW-02,Ukwa Mine,underground,2022,12,8.7,20.3,11.7,90.6,15.1,93.8,6412.4,6245.2,167.19999999999982,2.6074480693656015,0,0.9080194059586635
MN-UKW-02,Ukwa Mine,underground,2023,1,21.6,19.0,12.2,90.6,17.9,90.1,6446.7,6133.7,313.0,4.855197232692696,0,0.973925519306344
MN-UKW-02,Ukwa Mine,underground,2023,2,15.7,27.4,11.3,89.5,6.1,90.3,6533.1,6398.8,134.30000000000018,2.055685662243042,0,0.951448027673073
MN-UKW-02,Ukwa Mine,underground,2023,3,22.5,31.0,14.6,95.1,8.8,93.7,6256.7,6116.7,140.0,2.2376012914156025,0,0.9794431433775695
MN-UKW-02,Ukwa Mine,underground,2023,4,25.6,37.2,23.1,96.0,0.3,86.2,6409.3,6150.7,258.60000000000036,4.034761986488389,0,0.977623987085844
MN-UKW-02,Ukwa Mine,underground,2023,5,25.2,38.1,13.2,90.6,11.3,91.0,6338.2,6411.8,-73.60000000000036,-1.1612129626707957,0,0.9596523801351161
MN-UKW-02,Ukwa Mine,underground,2023,6,182.8,33.9,39.4,79.6,13.1,97.2,6521.1,5082.9,1438.2000000000007,22.054561347012015,1,1.011612129626708
MN-UKW-02,Ukwa Mine,underground,2023,7,420.0,30.2,86.4,79.5,26.3,92.8,6565.7,984.9,5580.8,84.99931461991866,1,0.7794543865298799
MN-UKW-02,Ukwa Mine,underground,2023,8,162.6,26.4,46.5,83.0,7.6,96.5,6362.1,5734.0,628.1000000000004,9.872526367080058,0,0.15000685380081333
MN-UKW-02,Ukwa Mine,underground,2023,9,182.0,30.8,48.9,83.5,22.0,97.6,6460.1,5654.5,805.6000000000004,12.470395195120823,1,0.9012747363291994
MN-UKW-02,Ukwa Mine,underground,2023,10,86.5,26.5,31.9,84.6,12.8,95.4,6349.0,5923.7,425.3000000000002,6.698692707512996,0,0.8752960480487918
MN-UKW-02,Ukwa Mine,underground,2023,11,13.3,23.5,10.9,95.7,2.3,88.7,6494.0,6360.2,133.80000000000018,2.060363412380662,0,0.93301307292487
MN-UKW-02,Ukwa Mine,underground,2023,12,7.4,17.7,5.0,96.5,0.0,85.5,6341.4,6582.8,-241.40000000000055,-3.8067303749960666,0,0.9793963658761934
MN-UKW-02,Ukwa Mine,underground,2024,1,18.2,22.0,18.5,95.6,2.7,86.7,6574.7,6532.7,42.0,0.6388124172966068,0,1.0380673037499606
MN-UKW-02,Ukwa Mine,underground,2024,2,7.6,23.4,10.8,98.1,0.0,92.1,6434.5,6417.7,16.800000000000182,0.26109254798352916,0,0.9936118758270339
MN-UKW-02,Ukwa Mine,underground,2024,3,25.0,29.3,13.4,92.4,12.6,89.3,6239.1,5954.3,284.8000000000002,4.5647609430847425,0,0.9973890745201647
MN-UKW-02,Ukwa Mine,underground,2024,4,26.1,36.6,17.7,99.0,0.0,91.9,6216.6,6223.2,-6.599999999999454,-0.10616735836308358,0,0.9543523905691526
MN-UKW-02,Ukwa Mine,underground,2024,5,22.7,40.0,11.0,88.9,0.0,98.9,6488.6,6303.9,184.70000000000073,2.8465308387017343,0,1.0010616735836309
MN-UKW-02,Ukwa Mine,underground,2024,6,126.3,32.5,26.5,90.3,18.2,92.8,6283.7,6104.1,179.59999999999945,2.8581886468163575,0,0.9715346916129827
MN-UKW-02,Ukwa Mine,underground,2024,7,247.9,31.0,58.4,78.9,28.0,91.3,6365.9,3821.9,2543.9999999999995,39.962927472941765,1,0.9714181135318364
MN-UKW-02,Ukwa Mine,underground,2024,8,306.3,29.8,61.7,82.8,11.9,91.1,6355.9,3117.5,3238.3999999999996,50.95108481882974,1,0.6003707252705823
MN-UKW-02,Ukwa Mine,underground,2024,9,190.5,28.5,50.0,83.5,15.3,82.6,6244.4,4616.6,1627.7999999999993,26.068157068733576,1,0.49048915181170255
MN-UKW-02,Ukwa Mine,underground,2024,10,46.9,28.5,19.4,86.6,9.8,84.0,6514.1,5837.5,676.6000000000004,10.386699620822528,1,0.7393184293126642
MN-UKW-02,Ukwa Mine,underground,2024,11,34.1,27.0,21.5,86.3,14.0,86.0,6585.2,6354.3,230.89999999999964,3.506347567272059,0,0.8961330037917747
MN-UKW-02,Ukwa Mine,underground,2024,12,2.7,20.7,5.0,92.2,7.6,95.7,6391.6,6251.9,139.70000000000073,2.185681206583652,0,0.9649365243272794
